solved,solution,programs,time,program_probability
False,,86,484.17901199602056,5.2995904092316005e-11
False,,859,301.97892008000053,2.4374807992860832e-12
False,,5807,306.222827041056,7.610571531080288e-13
