solved,solution,programs,time,program_probability
False,,68,450.26939172507264,7.206552016473664e-11
False,,2467,309.0569330069702,5.449694092592544e-11
False,,9921,317.63513129903004,2.0738405950283364e-11
